time;temperature;altitude;pressure;speed;axeZg;axeYg;axeXg
0;25.0;0;1013.25;0;0.0;0.0;0.0
200;25.01;0.0;1013.0;1.5;0.1;0.05;0.02
400;25.020000000000003;0.30000000000000004;1012.75;3.0;0.2;0.05;0.02
600;25.030000000000005;0.9000000000000001;1012.5;4.5;0.30000000000000004;0.05;0.02
800;25.040000000000006;1.8000000000000003;1012.25;6.0;0.4;0.05;0.02
1000;25.050000000000008;3.0000000000000004;1012.0;7.5;0.5;0.05;0.02
1200;25.06000000000001;4.5;1011.75;9.0;0.6;0.05;0.02
1400;25.07000000000001;6.3;1011.5;10.5;0.7;0.05;0.02
1600;25.080000000000013;8.4;1011.25;12.0;0.7999999999999999;0.05;0.02
1800;25.090000000000014;10.8;1011.0;13.5;0.8999999999999999;0.05;0.02
2000;25.100000000000016;13.5;1010.75;15.0;0.9999999999999999;0.05;0.02
2200;25.110000000000017;16.5;1010.5;16.5;1.0999999999999999;0.1;0.02
2400;25.12000000000002;19.8;1010.25;18.0;1.2;0.1;0.02
2600;25.13000000000002;23.400000000000002;1010.0;19.5;1.3;0.1;0.02
2800;25.140000000000022;27.300000000000004;1009.75;21.0;1.4000000000000001;0.1;0.02
3000;25.150000000000023;31.500000000000004;1009.5;22.5;1.5000000000000002;0.1;0.02
3200;25.160000000000025;36.0;1009.25;24.0;1.6000000000000003;0.1;0.04
3400;25.170000000000027;40.8;1009.0;25.5;1.7000000000000004;0.1;0.04
3600;25.180000000000028;45.9;1008.75;27.0;1.8000000000000005;0.1;0.04
3800;25.19000000000003;51.3;1008.5;28.5;1.9000000000000006;0.1;0.04
4000;25.20000000000003;57.0;1008.25;30.0;2.0000000000000004;0.1;0.04
4200;25.210000000000033;63.0;1008.0;31.5;2.1000000000000005;0.15000000000000002;0.04
4400;25.220000000000034;69.3;1007.75;33.0;2.2000000000000006;0.15000000000000002;0.04
4600;25.230000000000036;75.89999999999999;1007.5;34.5;2.3000000000000007;0.15000000000000002;0.04
4800;25.240000000000038;82.8;1007.25;36.0;2.400000000000001;0.15000000000000002;0.04
5000;25.25000000000004;90.0;1007.0;37.5;2.500000000000001;0.15000000000000002;0.04
5200;25.26000000000004;97.5;1006.75;39.0;2.600000000000001;0.15000000000000002;0.04
5400;25.270000000000042;105.3;1006.5;40.5;2.700000000000001;0.15000000000000002;0.04
5600;25.280000000000044;113.39999999999999;1006.25;42.0;2.800000000000001;0.15000000000000002;0.04
5800;25.290000000000045;121.8;1006.0;43.5;2.9000000000000012;0.15000000000000002;0.04
6000;25.300000000000047;130.5;1005.75;45.0;3.0000000000000013;0.15000000000000002;0.04
6200;25.31000000000005;139.5;1005.5;46.5;3.1000000000000014;0.2;0.06
6400;25.32000000000005;148.8;1005.25;48.0;3.2000000000000015;0.2;0.06
6600;25.33000000000005;158.4;1005.0;49.5;3.3000000000000016;0.2;0.06
6800;25.340000000000053;168.3;1004.75;51.0;3.4000000000000017;0.2;0.06
7000;25.350000000000055;178.5;1004.5;52.5;3.5000000000000018;0.2;0.06
7200;25.360000000000056;189.0;1004.25;54.0;3.600000000000002;0.2;0.06
7400;25.370000000000058;199.8;1004.0;55.5;3.700000000000002;0.2;0.06
7600;25.38000000000006;210.9;1003.75;57.0;3.800000000000002;0.2;0.06
7800;25.39000000000006;222.3;1003.5;58.5;3.900000000000002;0.2;0.06
8000;25.400000000000063;234.0;1003.25;60.0;4.000000000000002;0.2;0.06
8200;25.410000000000064;246.0;1003.0;61.5;4.100000000000001;0.25;0.06
8400;25.420000000000066;258.3;1002.75;63.0;4.200000000000001;0.25;0.06
8600;25.430000000000067;270.90000000000003;1002.5;64.5;4.300000000000001;0.25;0.06
8800;25.44000000000007;283.8;1002.25;66.0;4.4;0.25;0.06
9000;25.45000000000007;297.0;1002.0;67.5;4.5;0.25;0.06
9200;25.460000000000072;310.5;1001.75;69.0;4.6;0.25;0.08
9400;25.470000000000073;324.3;1001.5;70.5;4.699999999999999;0.25;0.08
9600;25.480000000000075;338.40000000000003;1001.25;72.0;4.799999999999999;0.25;0.08
9800;25.490000000000077;352.8;1001.0;73.5;4.899999999999999;0.25;0.08
10000;25.500000000000078;367.5;1000.75;75.0;4.999999999999998;0.25;0.08
10200;25.51000000000008;382.5;1000.5;76.5;5.099999999999998;0.3;0.08
10400;25.52000000000008;397.8;1000.25;78.0;5.1999999999999975;0.3;0.08
10600;25.530000000000083;413.40000000000003;1000.0;79.5;5.299999999999997;0.3;0.08
10800;25.540000000000084;429.3;999.75;81.0;5.399999999999997;0.3;0.08
11000;25.550000000000086;445.5;999.5;82.5;5.4999999999999964;0.3;0.08
11200;25.560000000000088;462.0;999.25;84.0;5.599999999999996;0.3;0.08
11400;25.57000000000009;478.8;999.0;85.5;5.699999999999996;0.3;0.08
11600;25.58000000000009;495.90000000000003;998.75;87.0;5.799999999999995;0.3;0.08
11800;25.590000000000092;513.3000000000001;998.5;88.5;5.899999999999995;0.3;0.08
12000;25.600000000000094;531.0000000000001;998.25;90.0;5.999999999999995;0.3;0.08
12200;25.610000000000095;549.0000000000001;998.0;91.5;6.099999999999994;0.35;0.1
12400;25.620000000000097;567.3000000000001;997.75;93.0;6.199999999999994;0.35;0.1
12600;25.6300000000001;585.9000000000001;997.5;94.5;6.299999999999994;0.35;0.1
12800;25.6400000000001;604.8000000000001;997.25;96.0;6.399999999999993;0.35;0.1
13000;25.6500000000001;624.0000000000001;997.0;97.5;6.499999999999993;0.35;0.1
13200;25.660000000000103;643.5000000000001;996.75;99.0;6.5999999999999925;0.35;0.1
13400;25.670000000000105;663.3000000000001;996.5;100.5;6.699999999999992;0.35;0.1
13600;25.680000000000106;683.4000000000001;996.25;102.0;6.799999999999992;0.35;0.1
13800;25.690000000000108;703.8000000000001;996.0;103.5;6.8999999999999915;0.35;0.1
14000;25.70000000000011;724.5000000000001;995.75;105.0;6.999999999999991;0.35;0.1
14200;25.71000000000011;745.5000000000001;995.5;106.5;7.099999999999991;0.39999999999999997;0.1
14400;25.720000000000113;766.8000000000001;995.25;108.0;7.19999999999999;0.39999999999999997;0.1
14600;25.730000000000114;788.4000000000001;995.0;109.5;7.29999999999999;0.39999999999999997;0.1
14800;25.740000000000116;810.3000000000001;994.75;111.0;7.39999999999999;0.39999999999999997;0.1
15000;25.750000000000117;832.5000000000001;994.5;112.5;7.499999999999989;0.39999999999999997;0.1
15200;25.76000000000012;855.0000000000001;994.25;114.0;7.599999999999989;0.39999999999999997;0.12000000000000001
15400;25.77000000000012;877.8000000000001;994.0;115.5;7.699999999999989;0.39999999999999997;0.12000000000000001
15600;25.780000000000122;900.9000000000001;993.75;117.0;7.799999999999988;0.39999999999999997;0.12000000000000001
15800;25.790000000000123;924.3000000000001;993.5;118.5;7.899999999999988;0.39999999999999997;0.12000000000000001
16000;25.800000000000125;948.0000000000001;993.25;120.0;7.999999999999988;0.39999999999999997;0.12000000000000001
16200;25.810000000000127;972.0000000000001;993.0;121.5;8.099999999999987;0.44999999999999996;0.12000000000000001
16400;25.820000000000128;996.3000000000001;992.75;123.0;8.199999999999987;0.44999999999999996;0.12000000000000001
16600;25.83000000000013;1020.9000000000001;992.5;124.5;8.299999999999986;0.44999999999999996;0.12000000000000001
16800;25.84000000000013;1045.8000000000002;992.25;126.0;8.399999999999986;0.44999999999999996;0.12000000000000001
17000;25.850000000000133;1071.0000000000002;992.0;127.5;8.499999999999986;0.44999999999999996;0.12000000000000001
17200;25.860000000000134;1096.5000000000002;991.75;129.0;8.599999999999985;0.44999999999999996;0.12000000000000001
17400;25.870000000000136;1122.3000000000002;991.5;130.5;8.699999999999985;0.44999999999999996;0.12000000000000001
17600;25.880000000000138;1148.4;991.25;132.0;8.799999999999985;0.44999999999999996;0.12000000000000001
17800;25.89000000000014;1174.8000000000002;991.0;133.5;8.899999999999984;0.44999999999999996;0.12000000000000001
18000;25.90000000000014;1201.5000000000002;990.75;135.0;8.999999999999984;0.44999999999999996;0.12000000000000001
18200;25.910000000000142;1228.5000000000002;990.5;136.5;9.099999999999984;0.49999999999999994;0.14
18400;25.920000000000144;1255.8000000000002;990.25;138.0;9.199999999999983;0.49999999999999994;0.14
18600;25.930000000000145;1283.4;990.0;139.5;9.299999999999983;0.49999999999999994;0.14
18800;25.940000000000147;1311.3000000000002;989.75;141.0;9.399999999999983;0.49999999999999994;0.14
19000;25.95000000000015;1339.5000000000002;989.5;142.5;9.499999999999982;0.49999999999999994;0.14
19200;25.96000000000015;1368.0000000000002;989.25;144.0;9.599999999999982;0.49999999999999994;0.14
19400;25.97000000000015;1396.8000000000002;989.0;145.5;9.699999999999982;0.49999999999999994;0.14
19600;25.980000000000153;1425.9;988.75;147.0;9.799999999999981;0.49999999999999994;0.14
19800;25.990000000000155;1455.3000000000002;988.5;148.5;9.89999999999998;0.49999999999999994;0.14
20000;26.000000000000156;1485.0000000000002;988.25;150.0;9.99999999999998;0.49999999999999994;0.14
20200;26.010000000000158;1515.0000000000002;988.0;151.5;10.09999999999998;0.5499999999999999;0.14
20400;26.02000000000016;1545.3000000000002;987.75;153.0;10.19999999999998;0.5499999999999999;0.14
20600;26.03000000000016;1575.9;987.5;154.5;10.29999999999998;0.5499999999999999;0.14
20800;26.040000000000163;1606.8000000000002;987.25;156.0;10.399999999999979;0.5499999999999999;0.14
21000;26.050000000000164;1638.0000000000002;987.0;157.5;10.499999999999979;0.5499999999999999;0.14
21200;26.060000000000166;1669.5000000000002;986.75;159.0;10.599999999999978;0.5499999999999999;0.16
21400;26.070000000000167;1701.3000000000002;986.5;160.5;10.699999999999978;0.5499999999999999;0.16
21600;26.08000000000017;1733.4;986.25;162.0;10.799999999999978;0.5499999999999999;0.16
21800;26.09000000000017;1765.8000000000002;986.0;163.5;10.899999999999977;0.5499999999999999;0.16
22000;26.100000000000172;1798.5000000000002;985.75;165.0;10.999999999999977;0.5499999999999999;0.16
22200;26.110000000000174;1831.5000000000002;985.5;166.5;11.099999999999977;0.6;0.16
22400;26.120000000000175;1864.8000000000002;985.25;168.0;11.199999999999976;0.6;0.16
22600;26.130000000000177;1898.4;985.0;169.5;11.299999999999976;0.6;0.16
22800;26.140000000000178;1932.3000000000002;984.75;171.0;11.399999999999975;0.6;0.16
23000;26.15000000000018;1966.5000000000002;984.5;172.5;11.499999999999975;0.6;0.16
23200;26.16000000000018;2001.0000000000002;984.25;174.0;11.599999999999975;0.6;0.16
23400;26.170000000000183;2035.8000000000002;984.0;175.5;11.699999999999974;0.6;0.16
23600;26.180000000000184;2070.9;983.75;177.0;11.799999999999974;0.6;0.16
23800;26.190000000000186;2106.3;983.5;178.5;11.899999999999974;0.6;0.16
24000;26.200000000000188;2142.0;983.25;180.0;11.999999999999973;0.6;0.16
24200;26.21000000000019;2178.0;983.0;181.5;12.099999999999973;0.65;0.18
24400;26.22000000000019;2214.3;982.75;183.0;12.199999999999973;0.65;0.18
24600;26.230000000000192;2250.9;982.5;184.5;12.299999999999972;0.65;0.18
24800;26.240000000000194;2287.8;982.25;186.0;12.399999999999972;0.65;0.18
25000;26.250000000000195;2325.0;982.0;187.5;12.499999999999972;0.65;0.18
25200;26.260000000000197;2362.5;981.75;189.0;12.599999999999971;0.65;0.18
25400;26.2700000000002;2400.3;981.5;190.5;12.69999999999997;0.65;0.18
25600;26.2800000000002;2438.4;981.25;192.0;12.79999999999997;0.65;0.18
25800;26.2900000000002;2476.8;981.0;193.5;12.89999999999997;0.65;0.18
26000;26.300000000000203;2515.5;980.75;195.0;12.99999999999997;0.65;0.18
26200;26.310000000000205;2554.5;980.5;196.5;13.09999999999997;0.7000000000000001;0.18
26400;26.320000000000206;2593.8;980.25;198.0;13.199999999999969;0.7000000000000001;0.18
26600;26.330000000000208;2633.4;980.0;199.5;13.299999999999969;0.7000000000000001;0.18
26800;26.34000000000021;2673.3;979.75;201.0;13.399999999999968;0.7000000000000001;0.18
27000;26.35000000000021;2713.5;979.5;202.5;13.499999999999968;0.7000000000000001;0.18
27200;26.360000000000213;2754.0;979.25;204.0;13.599999999999968;0.7000000000000001;0.19999999999999998
27400;26.370000000000214;2794.8;979.0;205.5;13.699999999999967;0.7000000000000001;0.19999999999999998
27600;26.380000000000216;2835.9;978.75;207.0;13.799999999999967;0.7000000000000001;0.19999999999999998
27800;26.390000000000217;2877.3;978.5;208.5;13.899999999999967;0.7000000000000001;0.19999999999999998
28000;26.40000000000022;2919.0;978.25;210.0;13.999999999999966;0.7000000000000001;0.19999999999999998
28200;26.41000000000022;2961.0;978.0;211.5;14.099999999999966;0.7500000000000001;0.19999999999999998
28400;26.420000000000222;3003.3;977.75;213.0;14.199999999999966;0.7500000000000001;0.19999999999999998
28600;26.430000000000224;3045.9;977.5;214.5;14.299999999999965;0.7500000000000001;0.19999999999999998
28800;26.440000000000225;3088.8;977.25;216.0;14.399999999999965;0.7500000000000001;0.19999999999999998
29000;26.450000000000227;3132.0;977.0;217.5;14.499999999999964;0.7500000000000001;0.19999999999999998
29200;26.46000000000023;3175.5;976.75;219.0;14.599999999999964;0.7500000000000001;0.19999999999999998
29400;26.47000000000023;3219.3;976.5;220.5;14.699999999999964;0.7500000000000001;0.19999999999999998
29600;26.48000000000023;3263.4;976.25;222.0;14.799999999999963;0.7500000000000001;0.19999999999999998
29800;26.490000000000233;3307.8;976.0;223.5;14.899999999999963;0.7500000000000001;0.19999999999999998
30000;26.500000000000234;3352.5;975.75;225.0;14.999999999999963;0.7500000000000001;0.19999999999999998
30200;26.510000000000236;3397.5;975.5;226.5;15.099999999999962;0.8000000000000002;0.21999999999999997
30400;26.520000000000238;3442.8;975.25;228.0;15.199999999999962;0.8000000000000002;0.21999999999999997
30600;26.53000000000024;3488.4;975.0;229.5;15.299999999999962;0.8000000000000002;0.21999999999999997
30800;26.54000000000024;3534.3;974.75;231.0;15.399999999999961;0.8000000000000002;0.21999999999999997
31000;26.550000000000242;3580.5;974.5;232.5;15.499999999999961;0.8000000000000002;0.21999999999999997
31200;26.560000000000244;3627.0;974.25;234.0;15.59999999999996;0.8000000000000002;0.21999999999999997
31400;26.570000000000245;3673.8;974.0;235.5;15.69999999999996;0.8000000000000002;0.21999999999999997
31600;26.580000000000247;3720.9;973.75;237.0;15.79999999999996;0.8000000000000002;0.21999999999999997
31800;26.59000000000025;3768.3;973.5;238.5;15.89999999999996;0.8000000000000002;0.21999999999999997
32000;26.60000000000025;3816.0;973.25;240.0;15.99999999999996;0.8000000000000002;0.21999999999999997
32200;26.61000000000025;3864.0;973.0;241.5;16.09999999999996;0.8500000000000002;0.21999999999999997
32400;26.620000000000253;3912.3;972.75;243.0;16.19999999999996;0.8500000000000002;0.21999999999999997
32600;26.630000000000255;3960.9;972.5;244.5;16.29999999999996;0.8500000000000002;0.21999999999999997
32800;26.640000000000256;4009.8;972.25;246.0;16.399999999999963;0.8500000000000002;0.21999999999999997
33000;26.650000000000258;4059.0;972.0;247.5;16.499999999999964;0.8500000000000002;0.21999999999999997
33200;26.66000000000026;4108.5;971.75;249.0;16.599999999999966;0.8500000000000002;0.23999999999999996
33400;26.67000000000026;4158.3;971.5;250.5;16.699999999999967;0.8500000000000002;0.23999999999999996
33600;26.680000000000263;4208.400000000001;971.25;252.0;16.79999999999997;0.8500000000000002;0.23999999999999996
33800;26.690000000000264;4258.8;971.0;253.5;16.89999999999997;0.8500000000000002;0.23999999999999996
34000;26.700000000000266;4309.5;970.75;255.0;16.99999999999997;0.8500000000000002;0.23999999999999996
34200;26.710000000000267;4360.5;970.5;256.5;17.099999999999973;0.9000000000000002;0.23999999999999996
34400;26.72000000000027;4411.8;970.25;258.0;17.199999999999974;0.9000000000000002;0.23999999999999996
34600;26.73000000000027;4463.400000000001;970.0;259.5;17.299999999999976;0.9000000000000002;0.23999999999999996
34800;26.740000000000272;4515.3;969.75;261.0;17.399999999999977;0.9000000000000002;0.23999999999999996
35000;26.750000000000274;4567.5;969.5;262.5;17.49999999999998;0.9000000000000002;0.23999999999999996
35200;26.760000000000275;4620.0;969.25;264.0;17.59999999999998;0.9000000000000002;0.23999999999999996
35400;26.770000000000277;4672.8;969.0;265.5;17.69999999999998;0.9000000000000002;0.23999999999999996
35600;26.78000000000028;4725.900000000001;968.75;267.0;17.799999999999983;0.9000000000000002;0.23999999999999996
35800;26.79000000000028;4779.3;968.5;268.5;17.899999999999984;0.9000000000000002;0.23999999999999996
36000;26.80000000000028;4833.0;968.25;270.0;17.999999999999986;0.9000000000000002;0.23999999999999996
36200;26.810000000000283;4887.0;968.0;271.5;18.099999999999987;0.9500000000000003;0.25999999999999995
36400;26.820000000000285;4941.3;967.75;273.0;18.19999999999999;0.9500000000000003;0.25999999999999995
36600;26.830000000000286;4995.900000000001;967.5;274.5;18.29999999999999;0.9500000000000003;0.25999999999999995
36800;26.840000000000288;5050.8;967.25;276.0;18.39999999999999;0.9500000000000003;0.25999999999999995
37000;26.85000000000029;5106.0;967.0;277.5;18.499999999999993;0.9500000000000003;0.25999999999999995
37200;26.86000000000029;5161.5;966.75;279.0;18.599999999999994;0.9500000000000003;0.25999999999999995
37400;26.870000000000292;5217.3;966.5;280.5;18.699999999999996;0.9500000000000003;0.25999999999999995
37600;26.880000000000294;5273.400000000001;966.25;282.0;18.799999999999997;0.9500000000000003;0.25999999999999995
37800;26.890000000000295;5329.8;966.0;283.5;18.9;0.9500000000000003;0.25999999999999995
38000;26.900000000000297;5386.5;965.75;285.0;19.0;0.9500000000000003;0.25999999999999995
38200;26.9100000000003;5443.5;965.5;286.5;19.1;1.0000000000000002;0.25999999999999995
38400;26.9200000000003;5500.8;965.25;288.0;19.200000000000003;1.0000000000000002;0.25999999999999995
38600;26.9300000000003;5558.400000000001;965.0;289.5;19.300000000000004;1.0000000000000002;0.25999999999999995
38800;26.940000000000303;5616.3;964.75;291.0;19.400000000000006;1.0000000000000002;0.25999999999999995
39000;26.950000000000305;5674.5;964.5;292.5;19.500000000000007;1.0000000000000002;0.25999999999999995
39200;26.960000000000306;5733.0;964.25;294.0;19.60000000000001;1.0000000000000002;0.27999999999999997
39400;26.970000000000308;5791.8;964.0;295.5;19.70000000000001;1.0000000000000002;0.27999999999999997
39600;26.98000000000031;5850.900000000001;963.75;297.0;19.80000000000001;1.0000000000000002;0.27999999999999997
39800;26.99000000000031;5910.3;963.5;298.5;19.900000000000013;1.0000000000000002;0.27999999999999997
40000;27.000000000000313;5970.0;963.25;300.0;20.000000000000014;1.0000000000000002;0.27999999999999997
40200;27.010000000000314;6030.0;963.0;301.5;20.100000000000016;1.0500000000000003;0.27999999999999997
40400;27.020000000000316;6090.3;962.75;303.0;20.200000000000017;1.0500000000000003;0.27999999999999997
40600;27.030000000000317;6150.900000000001;962.5;304.5;20.30000000000002;1.0500000000000003;0.27999999999999997
40800;27.04000000000032;6211.8;962.25;306.0;20.40000000000002;1.0500000000000003;0.27999999999999997
41000;27.05000000000032;6273.0;962.0;307.5;20.50000000000002;1.0500000000000003;0.27999999999999997
41200;27.060000000000322;6334.5;961.75;309.0;20.600000000000023;1.0500000000000003;0.27999999999999997
41400;27.070000000000324;6396.3;961.5;310.5;20.700000000000024;1.0500000000000003;0.27999999999999997
41600;27.080000000000325;6458.400000000001;961.25;312.0;20.800000000000026;1.0500000000000003;0.27999999999999997
41800;27.090000000000327;6520.8;961.0;313.5;20.900000000000027;1.0500000000000003;0.27999999999999997
42000;27.10000000000033;6583.5;960.75;315.0;21.00000000000003;1.0500000000000003;0.27999999999999997
42200;27.11000000000033;6646.5;960.5;316.5;21.10000000000003;1.1000000000000003;0.3
42400;27.12000000000033;6709.8;960.25;318.0;21.20000000000003;1.1000000000000003;0.3
42600;27.130000000000333;6773.400000000001;960.0;319.5;21.300000000000033;1.1000000000000003;0.3
42800;27.140000000000335;6837.3;959.75;321.0;21.400000000000034;1.1000000000000003;0.3
43000;27.150000000000336;6901.5;959.5;322.5;21.500000000000036;1.1000000000000003;0.3
43200;27.160000000000338;6966.0;959.25;324.0;21.600000000000037;1.1000000000000003;0.3
43400;27.17000000000034;7030.8;959.0;325.5;21.70000000000004;1.1000000000000003;0.3
43600;27.18000000000034;7095.900000000001;958.75;327.0;21.80000000000004;1.1000000000000003;0.3
43800;27.190000000000342;7161.3;958.5;328.5;21.90000000000004;1.1000000000000003;0.3
44000;27.200000000000344;7227.0;958.25;330.0;22.000000000000043;1.1000000000000003;0.3
44200;27.210000000000345;7293.0;958.0;331.5;22.100000000000044;1.1500000000000004;0.3
44400;27.220000000000347;7359.3;957.75;333.0;22.200000000000045;1.1500000000000004;0.3
44600;27.23000000000035;7425.900000000001;957.5;334.5;22.300000000000047;1.1500000000000004;0.3
44800;27.24000000000035;7492.8;957.25;336.0;22.40000000000005;1.1500000000000004;0.3
45000;27.25000000000035;7560.0;957.0;337.5;22.50000000000005;1.1500000000000004;0.3
45200;27.260000000000353;7627.5;956.75;339.0;22.60000000000005;1.1500000000000004;0.32
45400;27.270000000000355;7695.3;956.5;340.5;22.700000000000053;1.1500000000000004;0.32
45600;27.280000000000356;7763.400000000001;956.25;342.0;22.800000000000054;1.1500000000000004;0.32
45800;27.290000000000358;7831.8;956.0;343.5;22.900000000000055;1.1500000000000004;0.32
46000;27.30000000000036;7900.5;955.75;345.0;23.000000000000057;1.1500000000000004;0.32
46200;27.31000000000036;7969.5;955.5;346.5;23.10000000000006;1.2000000000000004;0.32
46400;27.320000000000363;8038.8;955.25;348.0;23.20000000000006;1.2000000000000004;0.32
46600;27.330000000000364;8108.400000000001;955.0;349.5;23.30000000000006;1.2000000000000004;0.32
46800;27.340000000000366;8178.3;954.75;351.0;23.400000000000063;1.2000000000000004;0.32
47000;27.350000000000367;8248.5;954.5;352.5;23.500000000000064;1.2000000000000004;0.32
47200;27.36000000000037;8319.0;954.25;354.0;23.600000000000065;1.2000000000000004;0.32
47400;27.37000000000037;8389.8;954.0;355.5;23.700000000000067;1.2000000000000004;0.32
47600;27.380000000000372;8460.9;953.75;357.0;23.800000000000068;1.2000000000000004;0.32
47800;27.390000000000374;8532.3;953.5;358.5;23.90000000000007;1.2000000000000004;0.32
48000;27.400000000000375;8604.0;953.25;360.0;24.00000000000007;1.2000000000000004;0.32
48200;27.410000000000377;8676.0;953.0;361.5;24.100000000000072;1.2500000000000004;0.34
48400;27.42000000000038;8748.3;952.75;363.0;24.200000000000074;1.2500000000000004;0.34
48600;27.43000000000038;8820.9;952.5;364.5;24.300000000000075;1.2500000000000004;0.34
48800;27.44000000000038;8893.8;952.25;366.0;24.400000000000077;1.2500000000000004;0.34
49000;27.450000000000383;8967.0;952.0;367.5;24.500000000000078;1.2500000000000004;0.34
49200;27.460000000000385;9040.5;951.75;369.0;24.60000000000008;1.2500000000000004;0.34
49400;27.470000000000386;9114.3;951.5;370.5;24.70000000000008;1.2500000000000004;0.34
49600;27.480000000000388;9188.4;951.25;372.0;24.800000000000082;1.2500000000000004;0.34
49800;27.49000000000039;9262.8;951.0;373.5;24.900000000000084;1.2500000000000004;0.34
50000;27.50000000000039;9337.5;950.75;375.0;25.000000000000085;1.2500000000000004;0.34
50200;27.510000000000392;9412.5;950.5;376.5;25.100000000000087;1.3000000000000005;0.34
50400;27.520000000000394;9487.8;950.25;378.0;25.200000000000088;1.3000000000000005;0.34
50600;27.530000000000395;9563.4;950.0;379.5;25.30000000000009;1.3000000000000005;0.34
50800;27.540000000000397;9639.3;949.75;381.0;25.40000000000009;1.3000000000000005;0.34
51000;27.5500000000004;9715.5;949.5;382.5;25.500000000000092;1.3000000000000005;0.34
51200;27.5600000000004;9792.0;949.25;384.0;25.600000000000094;1.3000000000000005;0.36000000000000004
51400;27.5700000000004;9868.8;949.0;385.5;25.700000000000095;1.3000000000000005;0.36000000000000004
51600;27.580000000000403;9945.9;948.75;387.0;25.800000000000097;1.3000000000000005;0.36000000000000004
51800;27.590000000000405;10023.3;948.5;388.5;25.900000000000098;1.3000000000000005;0.36000000000000004
52000;27.600000000000406;10101.0;948.25;390.0;26.0000000000001;1.3000000000000005;0.36000000000000004
52200;27.610000000000408;10179.0;948.0;391.5;26.1000000000001;1.3500000000000005;0.36000000000000004
52400;27.62000000000041;10257.3;947.75;393.0;26.200000000000102;1.3500000000000005;0.36000000000000004
52600;27.63000000000041;10335.9;947.5;394.5;26.300000000000104;1.3500000000000005;0.36000000000000004
52800;27.640000000000413;10414.8;947.25;396.0;26.400000000000105;1.3500000000000005;0.36000000000000004
53000;27.650000000000414;10494.0;947.0;397.5;26.500000000000107;1.3500000000000005;0.36000000000000004
53200;27.660000000000416;10573.5;946.75;399.0;26.600000000000108;1.3500000000000005;0.36000000000000004
53400;27.670000000000417;10653.3;946.5;400.5;26.70000000000011;1.3500000000000005;0.36000000000000004
53600;27.68000000000042;10733.4;946.25;402.0;26.80000000000011;1.3500000000000005;0.36000000000000004
53800;27.69000000000042;10813.8;946.0;403.5;26.900000000000112;1.3500000000000005;0.36000000000000004
54000;27.700000000000422;10894.5;945.75;405.0;27.000000000000114;1.3500000000000005;0.36000000000000004
54200;27.710000000000424;10975.5;945.5;406.5;27.100000000000115;1.4000000000000006;0.38000000000000006
54400;27.720000000000425;11056.8;945.25;408.0;27.200000000000117;1.4000000000000006;0.38000000000000006
54600;27.730000000000427;11138.4;945.0;409.5;27.300000000000118;1.4000000000000006;0.38000000000000006
54800;27.74000000000043;11220.3;944.75;411.0;27.40000000000012;1.4000000000000006;0.38000000000000006
55000;27.75000000000043;11302.5;944.5;412.5;27.50000000000012;1.4000000000000006;0.38000000000000006
55200;27.76000000000043;11385.0;944.25;414.0;27.600000000000122;1.4000000000000006;0.38000000000000006
55400;27.770000000000433;11467.8;944.0;415.5;27.700000000000124;1.4000000000000006;0.38000000000000006
55600;27.780000000000435;11550.9;943.75;417.0;27.800000000000125;1.4000000000000006;0.38000000000000006
55800;27.790000000000436;11634.3;943.5;418.5;27.900000000000126;1.4000000000000006;0.38000000000000006
56000;27.800000000000438;11718.0;943.25;420.0;28.000000000000128;1.4000000000000006;0.38000000000000006
56200;27.81000000000044;11802.0;943.0;421.5;28.10000000000013;1.4500000000000006;0.38000000000000006
56400;27.82000000000044;11886.3;942.75;423.0;28.20000000000013;1.4500000000000006;0.38000000000000006
56600;27.830000000000442;11970.9;942.5;424.5;28.300000000000132;1.4500000000000006;0.38000000000000006
56800;27.840000000000444;12055.8;942.25;426.0;28.400000000000134;1.4500000000000006;0.38000000000000006
57000;27.850000000000446;12141.0;942.0;427.5;28.500000000000135;1.4500000000000006;0.38000000000000006
57200;27.860000000000447;12226.5;941.75;429.0;28.600000000000136;1.4500000000000006;0.4000000000000001
57400;27.87000000000045;12312.3;941.5;430.5;28.700000000000138;1.4500000000000006;0.4000000000000001
57600;27.88000000000045;12398.4;941.25;432.0;28.80000000000014;1.4500000000000006;0.4000000000000001
57800;27.89000000000045;12484.8;941.0;433.5;28.90000000000014;1.4500000000000006;0.4000000000000001
58000;27.900000000000453;12571.5;940.75;435.0;29.000000000000142;1.4500000000000006;0.4000000000000001
58200;27.910000000000455;12658.5;940.5;436.5;29.100000000000144;1.5000000000000007;0.4000000000000001
58400;27.920000000000456;12745.8;940.25;438.0;29.200000000000145;1.5000000000000007;0.4000000000000001
58600;27.930000000000458;12833.4;940.0;439.5;29.300000000000146;1.5000000000000007;0.4000000000000001
58800;27.94000000000046;12921.3;939.75;441.0;29.400000000000148;1.5000000000000007;0.4000000000000001
59000;27.95000000000046;13009.5;939.5;442.5;29.50000000000015;1.5000000000000007;0.4000000000000001
59200;27.960000000000463;13098.0;939.25;444.0;29.60000000000015;1.5000000000000007;0.4000000000000001
59400;27.970000000000464;13186.8;939.0;445.5;29.700000000000152;1.5000000000000007;0.4000000000000001
59600;27.980000000000466;13275.9;938.75;447.0;29.800000000000153;1.5000000000000007;0.4000000000000001
59800;27.990000000000467;13365.3;938.5;448.5;29.900000000000155;1.5000000000000007;0.4000000000000001
60000;28.00000000000047;13455.0;938.25;450.0;30.000000000000156;1.5000000000000007;0.4000000000000001
60200;28.01000000000047;13545.0;938.0;451.5;30.100000000000158;1.5500000000000007;0.4200000000000001
60400;28.020000000000472;13635.3;937.75;453.0;30.20000000000016;1.5500000000000007;0.4200000000000001
60600;28.030000000000474;13725.9;937.5;454.5;30.30000000000016;1.5500000000000007;0.4200000000000001
60800;28.040000000000475;13816.8;937.25;456.0;30.400000000000162;1.5500000000000007;0.4200000000000001
61000;28.050000000000477;13908.0;937.0;457.5;30.500000000000163;1.5500000000000007;0.4200000000000001
61200;28.06000000000048;13999.5;936.75;459.0;30.600000000000165;1.5500000000000007;0.4200000000000001
61400;28.07000000000048;14091.3;936.5;460.5;30.700000000000166;1.5500000000000007;0.4200000000000001
61600;28.08000000000048;14183.4;936.25;462.0;30.800000000000168;1.5500000000000007;0.4200000000000001
61800;28.090000000000483;14275.8;936.0;463.5;30.90000000000017;1.5500000000000007;0.4200000000000001
62000;28.100000000000485;14368.5;935.75;465.0;31.00000000000017;1.5500000000000007;0.4200000000000001
62200;28.110000000000486;14461.5;935.5;466.5;31.100000000000172;1.6000000000000008;0.4200000000000001
62400;28.120000000000488;14554.8;935.25;468.0;31.200000000000173;1.6000000000000008;0.4200000000000001
62600;28.13000000000049;14648.4;935.0;469.5;31.300000000000175;1.6000000000000008;0.4200000000000001
62800;28.14000000000049;14742.3;934.75;471.0;31.400000000000176;1.6000000000000008;0.4200000000000001
63000;28.150000000000492;14836.5;934.5;472.5;31.500000000000178;1.6000000000000008;0.4200000000000001
63200;28.160000000000494;14931.0;934.25;474.0;31.60000000000018;1.6000000000000008;0.4400000000000001
63400;28.170000000000496;15025.8;934.0;475.5;31.70000000000018;1.6000000000000008;0.4400000000000001
63600;28.180000000000497;15120.9;933.75;477.0;31.800000000000182;1.6000000000000008;0.4400000000000001
63800;28.1900000000005;15216.3;933.5;478.5;31.900000000000183;1.6000000000000008;0.4400000000000001
64000;28.2000000000005;15312.0;933.25;480.0;32.000000000000185;1.6000000000000008;0.4400000000000001
64200;28.210000000000502;15408.0;933.0;481.5;32.100000000000186;1.6500000000000008;0.4400000000000001
64400;28.220000000000503;15504.3;932.75;483.0;32.20000000000019;1.6500000000000008;0.4400000000000001
64600;28.230000000000505;15600.9;932.5;484.5;32.30000000000019;1.6500000000000008;0.4400000000000001
64800;28.240000000000506;15697.8;932.25;486.0;32.40000000000019;1.6500000000000008;0.4400000000000001
65000;28.250000000000508;15795.0;932.0;487.5;32.50000000000019;1.6500000000000008;0.4400000000000001
65200;28.26000000000051;15892.5;931.75;489.0;32.60000000000019;1.6500000000000008;0.4400000000000001
65400;28.27000000000051;15990.3;931.5;490.5;32.700000000000195;1.6500000000000008;0.4400000000000001
65600;28.280000000000513;16088.4;931.25;492.0;32.800000000000196;1.6500000000000008;0.4400000000000001
65800;28.290000000000514;16186.8;931.0;493.5;32.9000000000002;1.6500000000000008;0.4400000000000001
66000;28.300000000000516;16285.5;930.75;495.0;33.0000000000002;1.6500000000000008;0.4400000000000001
66200;28.310000000000517;16384.5;930.5;496.5;33.1000000000002;1.7000000000000008;0.46000000000000013
66400;28.32000000000052;16483.8;930.25;498.0;33.2000000000002;1.7000000000000008;0.46000000000000013
66600;28.33000000000052;16583.399999999998;930.0;499.5;33.3000000000002;1.7000000000000008;0.46000000000000013
66800;28.340000000000522;16683.3;929.75;501.0;33.400000000000205;1.7000000000000008;0.46000000000000013
67000;28.350000000000524;16783.5;929.5;502.5;33.500000000000206;1.7000000000000008;0.46000000000000013
67200;28.360000000000525;16884.0;929.25;504.0;33.60000000000021;1.7000000000000008;0.46000000000000013
67400;28.370000000000527;16984.8;929.0;505.5;33.70000000000021;1.7000000000000008;0.46000000000000013
67600;28.38000000000053;17085.899999999998;928.75;507.0;33.80000000000021;1.7000000000000008;0.46000000000000013
67800;28.39000000000053;17187.3;928.5;508.5;33.90000000000021;1.7000000000000008;0.46000000000000013
68000;28.40000000000053;17289.0;928.25;510.0;34.00000000000021;1.7000000000000008;0.46000000000000013
68200;28.410000000000533;17391.0;928.0;511.5;34.100000000000215;1.7500000000000009;0.46000000000000013
68400;28.420000000000535;17493.3;927.75;513.0;34.200000000000216;1.7500000000000009;0.46000000000000013
68600;28.430000000000536;17595.899999999998;927.5;514.5;34.30000000000022;1.7500000000000009;0.46000000000000013
68800;28.440000000000538;17698.8;927.25;516.0;34.40000000000022;1.7500000000000009;0.46000000000000013
69000;28.45000000000054;17802.0;927.0;517.5;34.50000000000022;1.7500000000000009;0.46000000000000013
69200;28.46000000000054;17905.5;926.75;519.0;34.60000000000022;1.7500000000000009;0.48000000000000015
69400;28.470000000000542;18009.3;926.5;520.5;34.70000000000022;1.7500000000000009;0.48000000000000015
69600;28.480000000000544;18113.399999999998;926.25;522.0;34.800000000000225;1.7500000000000009;0.48000000000000015
69800;28.490000000000546;18217.8;926.0;523.5;34.900000000000226;1.7500000000000009;0.48000000000000015
70000;28.500000000000547;18322.5;925.75;525.0;35.00000000000023;1.7500000000000009;0.48000000000000015
70200;28.51000000000055;18427.5;925.5;526.5;35.10000000000023;1.800000000000001;0.48000000000000015
70400;28.52000000000055;18532.8;925.25;528.0;35.20000000000023;1.800000000000001;0.48000000000000015
70600;28.530000000000552;18638.399999999998;925.0;529.5;35.30000000000023;1.800000000000001;0.48000000000000015
70800;28.540000000000553;18744.3;924.75;531.0;35.40000000000023;1.800000000000001;0.48000000000000015
71000;28.550000000000555;18850.5;924.5;532.5;35.500000000000234;1.800000000000001;0.48000000000000015
71200;28.560000000000556;18957.0;924.25;534.0;35.600000000000236;1.800000000000001;0.48000000000000015
71400;28.570000000000558;19063.8;924.0;535.5;35.70000000000024;1.800000000000001;0.48000000000000015
71600;28.58000000000056;19170.899999999998;923.75;537.0;35.80000000000024;1.800000000000001;0.48000000000000015
71800;28.59000000000056;19278.3;923.5;538.5;35.90000000000024;1.800000000000001;0.48000000000000015
72000;28.600000000000563;19386.0;923.25;540.0;36.00000000000024;1.800000000000001;0.48000000000000015
72200;28.610000000000564;19494.0;923.0;541.5;36.10000000000024;1.850000000000001;0.5000000000000001
72400;28.620000000000566;19602.3;922.75;543.0;36.200000000000244;1.850000000000001;0.5000000000000001
72600;28.630000000000567;19710.899999999998;922.5;544.5;36.300000000000246;1.850000000000001;0.5000000000000001
72800;28.64000000000057;19819.8;922.25;546.0;36.40000000000025;1.850000000000001;0.5000000000000001
73000;28.65000000000057;19929.0;922.0;547.5;36.50000000000025;1.850000000000001;0.5000000000000001
73200;28.660000000000572;20038.5;921.75;549.0;36.60000000000025;1.850000000000001;0.5000000000000001
73400;28.670000000000574;20148.3;921.5;550.5;36.70000000000025;1.850000000000001;0.5000000000000001
73600;28.680000000000575;20258.399999999998;921.25;552.0;36.80000000000025;1.850000000000001;0.5000000000000001
73800;28.690000000000577;20368.8;921.0;553.5;36.900000000000254;1.850000000000001;0.5000000000000001
74000;28.70000000000058;20479.5;920.75;555.0;37.000000000000256;1.850000000000001;0.5000000000000001
74200;28.71000000000058;20590.5;920.5;556.5;37.10000000000026;1.900000000000001;0.5000000000000001
74400;28.72000000000058;20701.8;920.25;558.0;37.20000000000026;1.900000000000001;0.5000000000000001
74600;28.730000000000583;20813.399999999998;920.0;559.5;37.30000000000026;1.900000000000001;0.5000000000000001
74800;28.740000000000585;20925.3;919.75;561.0;37.40000000000026;1.900000000000001;0.5000000000000001
75000;28.750000000000586;21037.5;919.5;562.5;37.50000000000026;1.900000000000001;0.5000000000000001
75200;28.760000000000588;21150.0;919.25;564.0;37.600000000000264;1.900000000000001;0.5200000000000001
75400;28.77000000000059;21262.8;919.0;565.5;37.700000000000266;1.900000000000001;0.5200000000000001
75600;28.78000000000059;21375.899999999998;918.75;567.0;37.80000000000027;1.900000000000001;0.5200000000000001
75800;28.790000000000592;21489.3;918.5;568.5;37.90000000000027;1.900000000000001;0.5200000000000001
76000;28.800000000000594;21603.0;918.25;570.0;38.00000000000027;1.900000000000001;0.5200000000000001
76200;28.810000000000596;21717.0;918.0;571.5;38.10000000000027;1.950000000000001;0.5200000000000001
76400;28.820000000000597;21831.3;917.75;573.0;38.20000000000027;1.950000000000001;0.5200000000000001
76600;28.8300000000006;21945.899999999998;917.5;574.5;38.300000000000274;1.950000000000001;0.5200000000000001
76800;28.8400000000006;22060.8;917.25;576.0;38.400000000000276;1.950000000000001;0.5200000000000001
77000;28.850000000000602;22176.0;917.0;577.5;38.50000000000028;1.950000000000001;0.5200000000000001
77200;28.860000000000603;22291.5;916.75;579.0;38.60000000000028;1.950000000000001;0.5200000000000001
77400;28.870000000000605;22407.3;916.5;580.5;38.70000000000028;1.950000000000001;0.5200000000000001
77600;28.880000000000607;22523.399999999998;916.25;582.0;38.80000000000028;1.950000000000001;0.5200000000000001
77800;28.890000000000608;22639.8;916.0;583.5;38.90000000000028;1.950000000000001;0.5200000000000001
78000;28.90000000000061;22756.5;915.75;585.0;39.000000000000284;1.950000000000001;0.5200000000000001
78200;28.91000000000061;22873.5;915.5;586.5;39.100000000000286;2.000000000000001;0.5400000000000001
78400;28.920000000000613;22990.8;915.25;588.0;39.20000000000029;2.000000000000001;0.5400000000000001
78600;28.930000000000614;23108.399999999998;915.0;589.5;39.30000000000029;2.000000000000001;0.5400000000000001
78800;28.940000000000616;23226.3;914.75;591.0;39.40000000000029;2.000000000000001;0.5400000000000001
79000;28.950000000000617;23344.5;914.5;592.5;39.50000000000029;2.000000000000001;0.5400000000000001
79200;28.96000000000062;23463.0;914.25;594.0;39.60000000000029;2.000000000000001;0.5400000000000001
79400;28.97000000000062;23581.8;914.0;595.5;39.700000000000294;2.000000000000001;0.5400000000000001
79600;28.980000000000622;23700.899999999998;913.75;597.0;39.800000000000296;2.000000000000001;0.5400000000000001
79800;28.990000000000624;23820.3;913.5;598.5;39.9000000000003;2.000000000000001;0.5400000000000001
80000;29.000000000000625;23940.0;913.25;600.0;40.0000000000003;2.000000000000001;0.5400000000000001
80200;29.010000000000627;24060.0;913.0;601.5;40.1000000000003;2.0500000000000007;0.5400000000000001
80400;29.02000000000063;24180.3;912.75;603.0;40.2000000000003;2.0500000000000007;0.5400000000000001
80600;29.03000000000063;24300.899999999998;912.5;604.5;40.3000000000003;2.0500000000000007;0.5400000000000001
80800;29.04000000000063;24421.8;912.25;606.0;40.400000000000304;2.0500000000000007;0.5400000000000001
81000;29.050000000000633;24543.0;912.0;607.5;40.500000000000306;2.0500000000000007;0.5400000000000001
81200;29.060000000000635;24664.5;911.75;609.0;40.60000000000031;2.0500000000000007;0.5600000000000002
81400;29.070000000000636;24786.3;911.5;610.5;40.70000000000031;2.0500000000000007;0.5600000000000002
81600;29.080000000000638;24908.399999999998;911.25;612.0;40.80000000000031;2.0500000000000007;0.5600000000000002
81800;29.09000000000064;25030.8;911.0;613.5;40.90000000000031;2.0500000000000007;0.5600000000000002
82000;29.10000000000064;25153.5;910.75;615.0;41.00000000000031;2.0500000000000007;0.5600000000000002
82200;29.110000000000642;25276.5;910.5;616.5;41.100000000000314;2.1000000000000005;0.5600000000000002
82400;29.120000000000644;25399.8;910.25;618.0;41.200000000000315;2.1000000000000005;0.5600000000000002
82600;29.130000000000646;25523.399999999998;910.0;619.5;41.30000000000032;2.1000000000000005;0.5600000000000002
82800;29.140000000000647;25647.3;909.75;621.0;41.40000000000032;2.1000000000000005;0.5600000000000002
83000;29.15000000000065;25771.5;909.5;622.5;41.50000000000032;2.1000000000000005;0.5600000000000002
83200;29.16000000000065;25896.0;909.25;624.0;41.60000000000032;2.1000000000000005;0.5600000000000002
83400;29.170000000000652;26020.8;909.0;625.5;41.70000000000032;2.1000000000000005;0.5600000000000002
83600;29.180000000000653;26145.899999999998;908.75;627.0;41.800000000000324;2.1000000000000005;0.5600000000000002
83800;29.190000000000655;26271.3;908.5;628.5;41.900000000000325;2.1000000000000005;0.5600000000000002
84000;29.200000000000657;26397.0;908.25;630.0;42.00000000000033;2.1000000000000005;0.5600000000000002
84200;29.210000000000658;26523.0;908.0;631.5;42.10000000000033;2.1500000000000004;0.5800000000000002
84400;29.22000000000066;26649.3;907.75;633.0;42.20000000000033;2.1500000000000004;0.5800000000000002
84600;29.23000000000066;26775.899999999998;907.5;634.5;42.30000000000033;2.1500000000000004;0.5800000000000002
84800;29.240000000000663;26902.8;907.25;636.0;42.40000000000033;2.1500000000000004;0.5800000000000002
85000;29.250000000000664;27030.0;907.0;637.5;42.500000000000334;2.1500000000000004;0.5800000000000002
85200;29.260000000000666;27157.5;906.75;639.0;42.600000000000335;2.1500000000000004;0.5800000000000002
85400;29.270000000000667;27285.3;906.5;640.5;42.70000000000034;2.1500000000000004;0.5800000000000002
85600;29.28000000000067;27413.399999999998;906.25;642.0;42.80000000000034;2.1500000000000004;0.5800000000000002
85800;29.29000000000067;27541.8;906.0;643.5;42.90000000000034;2.1500000000000004;0.5800000000000002
86000;29.300000000000672;27670.5;905.75;645.0;43.00000000000034;2.1500000000000004;0.5800000000000002
86200;29.310000000000674;27799.5;905.5;646.5;43.10000000000034;2.2;0.5800000000000002
86400;29.320000000000675;27928.8;905.25;648.0;43.200000000000344;2.2;0.5800000000000002
86600;29.330000000000677;28058.399999999998;905.0;649.5;43.300000000000345;2.2;0.5800000000000002
86800;29.34000000000068;28188.3;904.75;651.0;43.40000000000035;2.2;0.5800000000000002
87000;29.35000000000068;28318.5;904.5;652.5;43.50000000000035;2.2;0.5800000000000002
87200;29.36000000000068;28449.0;904.25;654.0;43.60000000000035;2.2;0.6000000000000002
87400;29.370000000000683;28579.8;904.0;655.5;43.70000000000035;2.2;0.6000000000000002
87600;29.380000000000685;28710.899999999998;903.75;657.0;43.80000000000035;2.2;0.6000000000000002
87800;29.390000000000686;28842.3;903.5;658.5;43.900000000000354;2.2;0.6000000000000002
88000;29.400000000000688;28974.0;903.25;660.0;44.000000000000355;2.2;0.6000000000000002
88200;29.41000000000069;29106.0;903.0;661.5;44.10000000000036;2.25;0.6000000000000002
88400;29.42000000000069;29238.3;902.75;663.0;44.20000000000036;2.25;0.6000000000000002
88600;29.430000000000692;29370.899999999998;902.5;664.5;44.30000000000036;2.25;0.6000000000000002
88800;29.440000000000694;29503.8;902.25;666.0;44.40000000000036;2.25;0.6000000000000002
89000;29.450000000000696;29637.0;902.0;667.5;44.50000000000036;2.25;0.6000000000000002
89200;29.460000000000697;29770.5;901.75;669.0;44.600000000000364;2.25;0.6000000000000002
89400;29.4700000000007;29904.3;901.5;670.5;44.700000000000365;2.25;0.6000000000000002
89600;29.4800000000007;30038.399999999998;901.25;672.0;44.80000000000037;2.25;0.6000000000000002
89800;29.490000000000702;30172.8;901.0;673.5;44.90000000000037;2.25;0.6000000000000002
90000;29.500000000000703;30307.5;900.75;675.0;45.00000000000037;2.25;0.6000000000000002
90200;29.510000000000705;30442.5;900.5;676.5;45.10000000000037;2.3;0.6200000000000002
90400;29.520000000000707;30577.8;900.25;678.0;45.20000000000037;2.3;0.6200000000000002
90600;29.530000000000708;30713.399999999998;900.0;679.5;45.300000000000374;2.3;0.6200000000000002
90800;29.54000000000071;30849.3;899.75;681.0;45.400000000000375;2.3;0.6200000000000002
91000;29.55000000000071;30985.5;899.5;682.5;45.50000000000038;2.3;0.6200000000000002
91200;29.560000000000713;31122.0;899.25;684.0;45.60000000000038;2.3;0.6200000000000002
91400;29.570000000000714;31258.8;899.0;685.5;45.70000000000038;2.3;0.6200000000000002
91600;29.580000000000716;31395.899999999998;898.75;687.0;45.80000000000038;2.3;0.6200000000000002
91800;29.590000000000718;31533.3;898.5;688.5;45.90000000000038;2.3;0.6200000000000002
92000;29.60000000000072;31671.0;898.25;690.0;46.000000000000384;2.3;0.6200000000000002
92200;29.61000000000072;31809.0;898.0;691.5;46.100000000000385;2.3499999999999996;0.6200000000000002
92400;29.620000000000722;31947.3;897.75;693.0;46.20000000000039;2.3499999999999996;0.6200000000000002
92600;29.630000000000724;32085.899999999998;897.5;694.5;46.30000000000039;2.3499999999999996;0.6200000000000002
92800;29.640000000000725;32224.8;897.25;696.0;46.40000000000039;2.3499999999999996;0.6200000000000002
93000;29.650000000000727;32364.0;897.0;697.5;46.50000000000039;2.3499999999999996;0.6200000000000002
93200;29.66000000000073;32503.5;896.75;699.0;46.60000000000039;2.3499999999999996;0.6400000000000002
93400;29.67000000000073;32643.3;896.5;700.5;46.700000000000394;2.3499999999999996;0.6400000000000002
93600;29.68000000000073;32783.4;896.25;702.0;46.800000000000395;2.3499999999999996;0.6400000000000002
93800;29.690000000000733;32923.8;896.0;703.5;46.9000000000004;2.3499999999999996;0.6400000000000002
94000;29.700000000000735;33064.5;895.75;705.0;47.0000000000004;2.3499999999999996;0.6400000000000002
94200;29.710000000000736;33205.5;895.5;706.5;47.1000000000004;2.3999999999999995;0.6400000000000002
94400;29.720000000000738;33346.8;895.25;708.0;47.2000000000004;2.3999999999999995;0.6400000000000002
94600;29.73000000000074;33488.4;895.0;709.5;47.3000000000004;2.3999999999999995;0.6400000000000002
94800;29.74000000000074;33630.3;894.75;711.0;47.400000000000404;2.3999999999999995;0.6400000000000002
95000;29.750000000000743;33772.5;894.5;712.5;47.500000000000405;2.3999999999999995;0.6400000000000002
95200;29.760000000000744;33915.0;894.25;714.0;47.600000000000406;2.3999999999999995;0.6400000000000002
95400;29.770000000000746;34057.8;894.0;715.5;47.70000000000041;2.3999999999999995;0.6400000000000002
95600;29.780000000000747;34200.9;893.75;717.0;47.80000000000041;2.3999999999999995;0.6400000000000002
95800;29.79000000000075;34344.3;893.5;718.5;47.90000000000041;2.3999999999999995;0.6400000000000002
96000;29.80000000000075;34488.0;893.25;720.0;48.00000000000041;2.3999999999999995;0.6400000000000002
96200;29.810000000000752;34632.0;893.0;721.5;48.10000000000041;2.4499999999999993;0.6600000000000003
96400;29.820000000000753;34776.3;892.75;723.0;48.200000000000415;2.4499999999999993;0.6600000000000003
96600;29.830000000000755;34920.9;892.5;724.5;48.300000000000416;2.4499999999999993;0.6600000000000003
96800;29.840000000000757;35065.8;892.25;726.0;48.40000000000042;2.4499999999999993;0.6600000000000003
97000;29.850000000000758;35211.0;892.0;727.5;48.50000000000042;2.4499999999999993;0.6600000000000003
97200;29.86000000000076;35356.5;891.75;729.0;48.60000000000042;2.4499999999999993;0.6600000000000003
97400;29.87000000000076;35502.3;891.5;730.5;48.70000000000042;2.4499999999999993;0.6600000000000003
97600;29.880000000000763;35648.4;891.25;732.0;48.80000000000042;2.4499999999999993;0.6600000000000003
97800;29.890000000000764;35794.8;891.0;733.5;48.900000000000425;2.4499999999999993;0.6600000000000003
98000;29.900000000000766;35941.5;890.75;735.0;49.000000000000426;2.4499999999999993;0.6600000000000003
98200;29.910000000000768;36088.5;890.5;736.5;49.10000000000043;2.499999999999999;0.6600000000000003
98400;29.92000000000077;36235.8;890.25;738.0;49.20000000000043;2.499999999999999;0.6600000000000003
98600;29.93000000000077;36383.4;890.0;739.5;49.30000000000043;2.499999999999999;0.6600000000000003
98800;29.940000000000772;36531.3;889.75;741.0;49.40000000000043;2.499999999999999;0.6600000000000003
99000;29.950000000000774;36679.5;889.5;742.5;49.50000000000043;2.499999999999999;0.6600000000000003
99200;29.960000000000775;36828.0;889.25;744.0;49.600000000000435;2.499999999999999;0.6800000000000003
99400;29.970000000000777;36976.8;889.0;745.5;49.700000000000436;2.499999999999999;0.6800000000000003
99600;29.98000000000078;37125.9;888.75;747.0;49.80000000000044;2.499999999999999;0.6800000000000003
99800;29.99000000000078;37275.3;888.5;748.5;49.90000000000044;2.499999999999999;0.6800000000000003
